paper_id,date_added
0052b7874bb82c835ac565a25d2dd0c5,2025-07-23
0120cf4685a7e055557fb1322ead3086,2025-07-21
01dabe56ed7945423810e9a5f3d18432,2025-07-21
023001192d2cb6f5dcb3e419b20931cc,2025-07-21
02b85fbcc41d90845fbcfad3b67dcac4,2025-07-23
02d0d744c4b4d4442c4ce362b459e3a5,2025-07-23
03ce9b0a174d5d4ec3a32a8220a7dda8,2025-07-23
05c53db7f66c9ca1b87953f1238b4244,2025-07-21
061114e78291661a75b15f751026231d,2025-07-21
07d73dc5e6443672bf392bcbccf763c6,2025-07-23
093a9b90c6a88714b6a9eea0fd697522,2025-07-23
09b04a381cd01045c3e37bfa1aa68eeb,2025-07-21
0a5c128bad62333ba48bdddf2c470eed,2025-07-21
0d1310cf0a7f4a70c1e030ca701ecaf8,2025-07-23
0d5e9596f1935ea066be1f862c1cefd9,2025-07-21
0de96840855c923dd60d37b6960165ad,2025-07-21
10a368a92c6d3c79ed686343c380fd3d,2025-07-23
10b787148d0d535dfebefe87352ffab0,2025-07-23
10d75c55aa6ee2bd205b9f4b89edd18c,2025-07-23
114a76a97690670f1b2e2a86364caf00,2025-07-21
1294a0ffd0575592752fb591816b7e77,2025-07-21
12cae018e6eda60015129c668701839a,2025-07-21
14137f55e8347e84bd987a46a99f1b83,2025-07-21
141aa7169ab144d8a8341f765565c68e,2025-07-23
147414253ff6d8a53b43ab801f7b9f3b,2025-07-21
158e9526c7901eb53e4d3e3d46f298ac,2025-07-21
15b2b617c2b7b8088ea78f0db529a3cd,2025-07-21
162fd464fa65a72d207a5cda72100e0e,2025-07-23
16f77bb86e486b3b9cfe314188226816,2025-07-23
180c377a9973492c5a2ea4324f91c557,2025-07-23
185d0232c910e043b9df8f678a731b3a,2025-07-23
196284e9d5eb3bcd091af4e056eedef0,2025-07-21
19b439466b80572ddd993addbb50ad2a,2025-07-21
1a9b7116b04dfbb43471ca89d2722895,2025-07-23
1cb6c72f3db711cd6aa3f7b0e6260d9c,2025-07-23
1d01a3f17fba175a174096ab2c3df51e,2025-07-23
1d8b3543914f486b18b8bb250ee8a91e,2025-07-23
1da2e4fa84f546c5ebbb9bedec60f0fc,2025-07-21
1eacb82aa6bec4ffb08eb2a6d2b4a409,2025-07-23
1f4b934b36b80c305f4966ffd2f3a702,2025-07-21
1ff766754f42f577c8213d315f3ad913,2025-07-21
20bf9798fc8a913a2742bea151b8ea08,2025-07-21
2311231d16507a7c81ba5b89e75431f6,2025-07-21
2311e3b6b8db341f0c2e51b4d1457e31,2025-07-23
2327365c93feedfd6ab801720bc6d43a,2025-07-21
23a7a6e63c9b1e0aadfd8aefa15ad1fd,2025-07-23
25def98870fc095d265a8654add6c856,2025-07-21
27347ff7a8bf7671579e8888148bd90c,2025-07-23
28f3cac5c502f301549cbea17e8b83c7,2025-07-21
28f6359a301f61f80236d116eee25c2e,2025-07-23
28fce3cf716dc1d5483e62feb758f30c,2025-07-21
2c8244eacd6ed0fe7c62dac5721319bc,2025-07-21
2c8fc4821a4ab1b9060e3e761b865f6a,2025-07-21
2d3f2bd8ef5d1df71cef8c00d811b57c,2025-07-21
2f1c3948338ae2225f08b96a0f0fdcae,2025-07-21
307c029849e2e9366bbdceb358190492,2025-07-21
310b691e42eb52277829bfc7803b65e7,2025-07-21
342047855a31443b387ae7ed7b3550be,2025-07-21
3565e288959b712ef11698d3ec04dd5a,2025-07-21
360477457faadbcbe2262e859f6ec1f0,2025-07-23
3704141172e7cfb0e72f50926d9345d2,2025-07-21
37933c519b3c0c2166ac6fa0f5c7906d,2025-07-23
3b3db4b00e00774980e275ed015d16d4,2025-07-21
3b549149e4e782e68ec93ac31d5a4831,2025-07-21
3b9bfd40b61f3bfe5c98d1140926a0d5,2025-07-23
3be3a848b525fdf1774886660d7688c5,2025-07-21
3beb66899cc6874bdef94d477464d897,2025-07-23
3c2c91e52b6fd2ff831a8c260bc74736,2025-07-21
3cf40cb5eb2f75758ab680d6e8f0bc1c,2025-07-23
404e147587d2e348ff793b7f4c187db9,2025-07-23
40859674afe287f12da0b7c5b2486cef,2025-07-21
42849ccf376c351640a46b32e3e86ad4,2025-07-23
43212b9296f2928dc531649155c238fb,2025-07-23
442b8462c5f5e8503f57ae0d8d64464e,2025-07-21
45615eb13455ffee9ee7f5634065e94b,2025-07-21
457aa3785389509317e1075b0525d7f2,2025-07-21
45a0870f71ead5d50de517df228adb48,2025-07-23
4699f1db17123b4793d6f12244a8b4e3,2025-07-23
46a1cc1ce8608f8437429ebacda83c19,2025-07-23
47aa8a7ac710b493353516d8af7d38e5,2025-07-21
47cbff5a653acef970eb37c01fee5f06,2025-07-21
47f74eff099534d9862ca0a1c73222b9,2025-07-21
47fd973aa88b4537c5f61e7963ac047c,2025-07-21
4833e698e7023fbcc06f84e4e8b54c13,2025-07-21
487936be8edc11bb7193c3ade72484d5,2025-07-21
4b66c2b539916870a4faf764aedfc4c1,2025-07-21
4b9b80298842c3d9acb3420e15851080,2025-07-23
4cb8e3be15567d24a643727bf6cb3f84,2025-07-23
4e779e04564257048f9b3762a8588bae,2025-07-23
4efcf79ace11870faf8c47802fb07fe2,2025-07-23
4f8e92f8fc600fd5f66a6fce6a197ea8,2025-07-21
50146facb308fa0fa84f389c71e216fb,2025-07-21
50c178d7fca0f5172d872fd4578a76ec,2025-07-23
50f871cb9b1ca4d266d1f5b52d72da46,2025-07-21
5105808cb89f90d32962c0fa70435a1e,2025-07-21
524e194f69a3f60936ce7ef7faec5f27,2025-07-21
55a3df4b232b5f46be0cbbe27094a53f,2025-07-23
568a05dcf0cacc329a7949e24f119efb,2025-07-21
56a91058152973d2e550a6a2efd97b09,2025-07-21
57beea22474fcea2a4c3ea1cd40dc43a,2025-07-21
57c5595590b84ad3055597f75904472b,2025-07-23
57fc34bb2fecfd0d5b164f2320241351,2025-07-21
594a904c80d1e8dbc8220129ab075fce,2025-07-23
594d896d529b7ea734bd9e8a119dc46e,2025-07-23
59ad16cda35bfff6ff3e0f6c06020ca0,2025-07-23
5a58cd01bb607151457c81b5cb1e07bf,2025-07-21
5c3ff1d100d6c830e65cab40097ee3e1,2025-07-23
5c942512253b103139bd2bc9b1fb852d,2025-07-21
5e13b08153440fb8a7f5e341ed4f3f39,2025-07-21
5ee7227e9b18b66db8cbef27cecfe1d9,2025-07-21
5f848aa0100c54ef840a6d4ffc2959f4,2025-07-21
60ad3ad67b045b1900a1b4b597b0b6f3,2025-07-21
6112990b79cda4d095e81bc0d6d78c5a,2025-07-23
6274a00cb32b51d4e2be4eca5ab16c01,2025-07-21
62cce566e20683357b79277cd9c14431,2025-07-21
62d646b2a1096ca4d185a79036d2c4d1,2025-07-23
64000ab137ea328ecfb9a43521c16065,2025-07-23
641401288a83aadd6ce75a1c52eccd6a,2025-07-23
64f5748141b12db9bc46687cdff76d4b,2025-07-23
65c6a2039d8d0aae796e40d46398ecb5,2025-07-21
66c726ec5d8e3fc8890135fb994456cf,2025-07-21
671b90d6842286561b38914cb5536192,2025-07-23
675f3a11eae02b9a39f0bbd7e0c6e921,2025-07-23
685e8437a361f1325d0ab23950b0ee7c,2025-07-21
6952e8f4de69c20529822ef27f834ba2,2025-07-23
6a14608cc5058cfb813c248c18a3d94f,2025-07-23
6a5602bcc0767fae0070d9c9d9f19512,2025-07-21
6aa1925af7ac4825e541f981bda10d73,2025-07-23
6af01709a18db7e14bc46ff3fd6c517d,2025-07-21
6c1b17c06bac880eda12c52b5633037b,2025-07-21
6f2f832d14c9d3b173754b2842e25b56,2025-07-23
70a4dfeddf4c963eff76260c131ca504,2025-07-21
727534cac0b741e8fd9617bd50bcd116,2025-07-21
72bd16dce0be560e6dbd7f11b654956b,2025-07-21
7367d0fa410bcead831361a23743780d,2025-07-21
755e4e1e86f232128d42545a4fd47026,2025-07-21
7642c09b64b23a6670e53e87da69a396,2025-07-21
78f4cb1f4045406ffcbafece3ef63a00,2025-07-21
795aa783755a73a1d53e8e2eb032c015,2025-07-23
7aa7a3443b09d1ccb27e923f276125c6,2025-07-23
7b040f99eaaf91ae4f6505540407d1e6,2025-07-21
7beaa047b1a9c5ba53544d37a86d00b1,2025-07-23
7d8c47546866ffa9c7ef1e36828c52ff,2025-07-21
7ff64dcf3a5c6c6a2076df4357bc2bf8,2025-07-21
82508138fe029d3bca801cab9065a7e4,2025-07-21
825ea31e39f912be7f6c3bc513fca5e8,2025-07-21
85ef205ccce7d37f1e44002571724178,2025-07-23
85fe9ab59a0e18b350e31c6f8e2475e0,2025-07-23
87169427eb4120effb23d783642ce18c,2025-07-21
871a73638aae17e06174373ba7fa163b,2025-07-21
87cc32c8c874af3e72bb8ba176e8e7e4,2025-07-21
88afbe91ca358fd5a371b9f7237f3016,2025-07-21
88db14f60c25291cf2430ab731465820,2025-07-21
8b30a7b1c4d8e337853b3401a8c17d93,2025-07-21
8b60fa67f0ace4d0cb265c9dcb276851,2025-07-23
8c368cff3e934fa7eea0e4807f19c986,2025-07-23
8ce87e728b11eb2c22b24198a0bd2199,2025-07-21
8d9a5435992863c372333aa918f5e0b7,2025-07-21
8da0c99e7d62aaac60551c116f1c1718,2025-07-21
8de040be8c2b2996e944bca49b0c8db9,2025-07-21
8ed8fd92f3b93e82b457d4c4970ac217,2025-07-21
8f91f5381f69928b2af8a51cbacc2a73,2025-07-23
8fa9a54ad7bbd44863ceaec1309fe34e,2025-07-21
8fef74b0245f25adff1032763fbbb29e,2025-07-23
907841b65a9a9e28d27d95ed02a4abbe,2025-07-23
90b403a9c168552fb4c365775ad6b85f,2025-07-21
91319c1797b86f52513b902b894a3222,2025-07-23
946231a2f1163f668c45866045310bca,2025-07-21
95ab4af9eb87b12f861874ad92d682ee,2025-07-21
961cbd7e24fd09f68b7902e9461dccb4,2025-07-23
96865546e614e17ee836094b57368b07,2025-07-23
97079eed5058ba5c1cb1982b6d74fad9,2025-07-23
973ff9c71253e8fad852393871d7cf4e,2025-07-23
97e0950fed7ed8ad98dcf2c1fe094f43,2025-07-21
98445e9f71541dd7066774a1b34bda53,2025-07-21
98581281a7784b4a27edf5ecc19ed563,2025-07-21
98b1ac1b3135baa456f3c5e583adce2c,2025-07-23
991d6184946fa60c86243388b5ea4460,2025-07-23
997dc6a811dc4d3c99460eef170af239,2025-07-21
9abe35f314059d140117a2af4c016c88,2025-07-21
9da27a9944ccc99a346d899d52655fcd,2025-07-21
a0ced44d9337d89ac026784213edc281,2025-07-21
a4dd488ca114d0d23f32e899cfc64578,2025-07-23
a7c57cd5a9cf60aa187c24a4f0d2ce61,2025-07-21
a8ff42b2ea69e9b2ae284a91febe828c,2025-07-21
aace5402af9114e2e959d3188b39b941,2025-07-23
acf21c89d6267ba8a0cc9b0017072094,2025-07-23
acf5c2488a28c444e29f0b61e52d549d,2025-07-23
af045771ddac27cd30146a9e28e43a74,2025-07-21
af811c41090716c7f459aa12899a8af5,2025-07-21
afdb60bec95696f980f93b7ee8a42903,2025-07-21
b00382b82cce1d2509b3632a8235148d,2025-07-21
b07e77e22aa400ed9fae10318f7737b3,2025-07-23
b13b80868047da8ecfb26ea955c838cd,2025-07-21
b14f4d69d2be536e72758b6065c327d0,2025-07-23
b2b819234b7a5cc2dd3dae5d2f67437d,2025-07-21
b3a449d161a4bc17a90077fa9a180d55,2025-07-21
b3bac8be80e5a6eb6d6fe0c503db1934,2025-07-23
b5b9faa2ce60902403de8b43d0f40ce4,2025-07-21
b5e43ddbf0cfb9b0f8c00613eb313be6,2025-07-21
b6003dab8eeb66a5763bd394d2c5d469,2025-07-23
b65a0b2f32dffefde1c12397a86737ba,2025-07-23
b660572a2a713d792c57d394453a0c3d,2025-07-21
b7804d82453adb9601814a373261d179,2025-07-23
b7d578c07d56b94aaa4d169ed630492c,2025-07-23
b8e3fd59df7a9ba29f13bd6a88b6a7d0,2025-07-21
b950c88f80f4f3f924afe12e89490342,2025-07-21
ba6e6940b0269ca402839320baa0ed08,2025-07-21
bb2f282e871e59d2cfc1ee91c0b24dcd,2025-07-23
bbc46eb17bb48696ebcff5d1f5b7656f,2025-07-21
bbe0067465dea241e15880916bea9fb6,2025-07-23
bc9b191e5dc9d595a6e8bd8c17a3263d,2025-07-23
bcf600a974cd080df0ed97b32517c435,2025-07-23
bd502abe9aeef36036a2646cd04caeba,2025-07-21
be6526d3d36633e28f877e69fdcca2d1,2025-07-23
bfdfc49053da03d8491ca3669c0f6fc5,2025-07-21
c0b1727fac4dcad5adace2477c1ca9aa,2025-07-21
c12c021fa5666f8ff73fc9c359f38d24,2025-07-21
c313949509274c660164be063e12aa59,2025-07-21
c4a79a1f0902617d39e5666925bd3149,2025-07-23
c4b34f88109749acba418c9a72983b7c,2025-07-21
c4bce7bd60e98dc19734661fe54d4446,2025-07-23
c562f463f925f45dc7a3c78f217586e4,2025-07-21
c5d5927b241cfb105097d28cf3ebf4a9,2025-07-23
c6c56b19cbd475874aabe0b9c34cf34e,2025-07-23
c818c2450290a9ea93b1152a89386249,2025-07-23
c8bd4670b6621128320479e166d78998,2025-07-21
c8f595e55b752a5fbdf5e7ce860b4ac0,2025-07-23
c9a6bcefbf72ca6d1aba7f2eae1fba0e,2025-07-23
cdc025926f583f675f944f100c11a4d9,2025-07-21
ce947e5ad0483a208b6ecb7256ee2e19,2025-07-21
cec5ee2b03cbb3e70f1fead2e073cda3,2025-07-21
cff7068e9a28e4db3a8ad121bd7c3478,2025-07-21
cffb0921ba9cec57e106d72546cdc44a,2025-07-21
d015af5d75191321c74b4c293bc76618,2025-07-23
d1a6f42a269a44b185f28fa0deb5411f,2025-07-21
d276939fb97e0197c0fe23902b2bb69b,2025-07-23
d39624a4fee87534f918b042cbf5187b,2025-07-21
d403dd9d1576aef37d656518c4772a32,2025-07-23
d407912155f4b330647dc2e7f42abb46,2025-07-23
d40884bc7c1ecb7c1b2cca740e63e486,2025-07-23
d4c8cd3121e1a51921bd4cfbe85769f7,2025-07-23
d6b8b32ace2d9e40335cf3faaca1ed11,2025-07-23
d8e7901a35011fe5c4b7594002ff41d3,2025-07-23
d96a7f2c7260b1d8e3c43eded80c9faa,2025-07-21
d96d7199f95b41c4d90006280f78f36e,2025-07-21
d9c647475e082aea29e7a0ce97631325,2025-07-21
da4ca26341917d6e46fff1563b90ae69,2025-07-21
dbfabcfa49b501d0f839bf9aa896fca8,2025-07-23
dcbe44981405be429b3ac4eee46fc7ea,2025-07-21
de3031451197366769da7cfab6ccd2cf,2025-07-21
dfb37332add4a62afd574b7ef61c3dcf,2025-07-21
e156b3099a0dacc2acf2547a04b811a1,2025-07-23
e1c65669568b8624729e3e997e43c7ff,2025-07-21
e23d9f9486a93cd6e23bd87e46bec2d9,2025-07-23
e2d57db5a72de23bfaa921b58c302d12,2025-07-21
e30cd327ec1b27b74194a57ef502e2d1,2025-07-21
e45a41801acdbc4913f9cc4a6ce0fcd8,2025-07-23
e5a95a0455a380b62d72dbbdc383ed79,2025-07-21
e87f1dfad5f2e82703ab13a9affcf19e,2025-07-21
eadcd1c1a17ab3235303c857df3a6874,2025-07-21
ec95c9fea6be505849ad3c853db4c514,2025-07-21
ecd5ba9d2326ffee4da9b26574aadd9e,2025-07-21
edda13a1855d3618391a7e65cc690251,2025-07-23
eed7692e218b587053276a32b6525644,2025-07-21
f092e227f894ef9e6549c2a3b99adf8b,2025-07-23
f11b4c52cf2796a543a10c06dc58d13b,2025-07-21
f1840d1e1e6f77b4ba74a54ed3f476e3,2025-07-23
f3b010e4915f0c7062a6a5fce40ae556,2025-07-21
f5814b49506d2bd3b83616c0e0cb99aa,2025-07-21
f70d01f960edabfb45739b35036ed08f,2025-07-23
f7d4e45cd3470af63f0e0fcfdefa94d5,2025-07-23
f8b23f6aac619a45279bc8e4517b0ce0,2025-07-21
fa413da374269fdc436fb788b653f3d0,2025-07-21
fb37fb7a9aa99c199aba93762e3b5933,2025-07-21
fb3b29f4ace65ce00b3eba526ce872a2,2025-07-23
fc3b6416ef7a20e89138fce7ce7f6aeb,2025-07-23
ffd6a3f9c077b1420381e5bce265d479,2025-07-21
